https://github.com/gcc-ensibs	ok	200	2026-07-06T12:39:41.475Z
https://discord.gg/gcc-ensibs	ok	200	2026-07-06T12:39:41.932Z
https://www.youtube.com/@gcc-ensibs	ok	200	2026-07-06T12:39:41.835Z
https://www.linkedin.com/company/gcc-ensibs	ok	200	2026-07-06T12:39:41.916Z
https://app.hackthebox.com/users/490447	ok	200	2026-07-28T22:11:14.595Z
https://app.hackthebox.com/users/2182557	ok	200	2026-07-28T22:11:14.613Z
https://x.com/gcc_ensibs	ok	200	2026-07-28T22:11:13.904Z
https://eth-toolbox.com/	ok	200	2026-07-28T22:11:14.023Z
https://crackstation.net/	ok	200	2026-07-28T22:11:14.098Z
https://www.brownstoner.com/architecture/building-of-the-day-423-fulton-street/	ok	200	2026-07-28T22:11:14.119Z
https://github.com/Memoryforensics/carve_packets	ok	200	2026-07-28T22:11:14.269Z
https://github.com/swisskyrepo/PayloadsAllTheThings/blob/master/SQL%20Injection/SQLite%20Injection.md#integerstring-based---extract-table-name	ok	200	2026-07-28T22:11:14.274Z
https://github.com/swisskyrepo/PayloadsAllTheThings/blob/master/SQL%20Injection/SQLite%20Injection.md#integerstring-based---extract-column-name	ok	200	2026-07-28T22:11:14.279Z
https://github.com/swisskyrepo/PayloadsAllTheThings/blob/master/Server%20Side%20Template%20Injection/README.md#exploit-the-ssti-by-calling-ospopenread	ok	200	2026-07-28T22:11:14.289Z
https://github.com/nobrackets-ctf/NoBracketsCTF-2023/tree/main/finale/Web/BornToBeAdmin/infra	ok	200	2026-07-28T22:11:14.367Z
https://www.licenseplatemania.com/landenpaginas/indie.htm	ok	200	2026-07-28T22:11:14.398Z
https://github.com/cddmp/enum4linux-ng	ok	200	2026-07-28T22:11:14.504Z
https://github.com/fortra/impacket	ok	200	2026-07-28T22:11:14.519Z
https://a816-health.nyc.gov/ABCEatsRestaurants/#!/Search/50055636	ok	200	2026-07-28T22:11:14.549Z
https://i.imgur.com/pOCKHlS.png	ok	200	2026-07-28T22:11:14.773Z
https://i.imgur.com/9cIICbW.png	ok	200	2026-07-28T22:11:14.799Z
https://i.imgur.com/4e6ayBq.png	ok	200	2026-07-28T22:11:14.803Z
https://i.imgur.com/KWg68On.png	ok	200	2026-07-28T22:11:14.816Z
https://en.wikipedia.org/wiki/Zero-width_non-joiner	ok	200	2026-07-28T22:11:14.865Z
https://youtu.be/hYHBJ8jtpF0	ok	200	2026-07-28T22:11:15.054Z
https://youtu.be/7_0sfsPvFBU	ok	200	2026-07-28T22:11:15.064Z
https://i.imgur.com/M2EQjd5.png	ok	200	2026-07-28T22:11:14.907Z
https://i.imgur.com/mwd5eAJ.jpg	ok	200	2026-07-28T22:11:14.921Z
https://en.wikipedia.org/wiki/Susumu_Hirasawa	ok	200	2026-07-28T22:11:14.930Z
https://www.youtube.com/watch?v=mI8KKipWEp4	ok	200	2026-07-28T22:11:14.951Z
https://i.imgur.com/oxmQSuV.png	ok	200	2026-07-28T22:11:14.973Z
https://www.facebook.com/India.usembassy/videos/the-auto-gang-of-the-us-embassy/839571310398639/	ok	200	2026-07-28T22:11:15.008Z
https://www.youtube.com/watch?v=5lrseDtxX_E	ok	200	2026-07-28T22:11:15.009Z
https://i.imgur.com/5Aj9OM2.png	ok	200	2026-07-28T22:11:15.009Z
https://i.imgur.com/NWBbb4c.png	ok	200	2026-07-28T22:11:15.032Z
https://x.com/MenchOsint/status/1806742133069738360?lang=sr	ok	200	2026-07-28T22:11:15.063Z
https://i.imgur.com/9uVxWQh.png	ok	200	2026-07-28T22:11:15.136Z
https://i.imgur.com/mlWbgB9.jpg	ok	200	2026-07-28T22:11:15.137Z
https://i.imgur.com/d5hR7ec.png	ok	200	2026-07-28T22:11:15.147Z
https://i.imgur.com/VHqzUTV.png	ok	200	2026-07-28T22:11:15.245Z
https://i.imgur.com/P0rrUUs.png	ok	200	2026-07-28T22:11:15.246Z
https://i.imgur.com/b80L878.png	ok	200	2026-07-28T22:11:15.253Z
https://i.imgur.com/aheiY42.png	ok	200	2026-07-28T22:11:15.256Z
https://fr.flightaware.com/live/flight/RA96019/history	ok	200	2026-07-28T22:11:15.272Z
https://i.imgur.com/HkqrBjD.png	ok	200	2026-07-28T22:11:15.327Z
https://memo-linux.com/grub2-contourner-lauthentification-linux-mot-de-passe-utilisateur-ou-root-oublie/	ok	200	2026-07-28T22:11:15.344Z
https://i.imgur.com/WmZRWuD.png	ok	200	2026-07-28T22:11:15.356Z
https://i.imgur.com/03zqbXJ.png	ok	200	2026-07-28T22:11:15.364Z
http://root-me.org/	ok	200	2026-07-28T22:11:15.376Z
https://i.imgur.com/J8FIwTZ.png	ok	200	2026-07-28T22:11:15.423Z
https://i.imgur.com/HSavkbB.png	ok	200	2026-07-28T22:11:15.441Z
https://i.imgur.com/nubcdPs.jpg	ok	200	2026-07-28T22:11:15.466Z
https://i.imgur.com/UhYMjUh.png	ok	200	2026-07-28T22:11:15.478Z
https://github.com/RustScan/RustScan/	ok	200	2026-07-28T22:11:15.537Z
https://i.imgur.com/JPaRbtr.png	ok	200	2026-07-28T22:11:15.601Z
https://i.imgur.com/9T1knsC.png	ok	200	2026-07-28T22:11:15.602Z
https://i.imgur.com/RGND17D.png	ok	200	2026-07-28T22:11:15.606Z
https://www.iana.org/assignments/service-names-port-numbers/service-names-port-numbers.xhtml?search=2179	ok	200	2026-07-30T18:16:28.630Z
https://dedaub.com/product/decompiler/	ok	200	2026-07-30T18:16:28.650Z
https://a836-pts-access.nyc.gov/care/datalets/datalet.aspx?mode=asmt_tent_2027&UseSearch=no&pin=3001500011&taxyr=2027&LMparent=20	ok	200	2026-07-30T18:16:29.461Z
https://www.donaldlovesvladimir.com/post/trump-plane-parked-next-to-russian-government-jet-at-dulles	ok	200	2026-07-30T18:20:26.941Z
https://zenn.dev/tkaliiho/articles/3018ddaddfa946	ok	200	2026-07-30T18:20:27.385Z
https://www.hackingarticles.in/exploiting-wildcard-for-privilege-escalation/	ok	200	2026-07-30T18:20:28.126Z